subject,classname,img,typep001,c0,img_8420.jpg,p002,c0,img_7998.jpg,p003,c0,img_7987.jpg,
p001,c0,rotate-15_img_8420.jpg,rotate,
p001,c0,rotate-14_img_8420.jpg,rotate,
p001,c0,rotate-13_img_8420.jpg,rotate,
p001,c0,rotate-12_img_8420.jpg,rotate,
p001,c0,rotate-11_img_8420.jpg,rotate,
p001,c0,rotate-10_img_8420.jpg,rotate,
p001,c0,rotate-9_img_8420.jpg,rotate,
p001,c0,rotate-8_img_8420.jpg,rotate,
p001,c0,rotate-7_img_8420.jpg,rotate,
p001,c0,rotate-6_img_8420.jpg,rotate,
p001,c0,rotate-5_img_8420.jpg,rotate,
p001,c0,rotate-4_img_8420.jpg,rotate,
p001,c0,rotate-3_img_8420.jpg,rotate,
p001,c0,rotate-2_img_8420.jpg,rotate,
p001,c0,rotate-1_img_8420.jpg,rotate,
p001,c0,rotate1_img_8420.jpg,rotate,
p001,c0,rotate2_img_8420.jpg,rotate,
p001,c0,rotate3_img_8420.jpg,rotate,
p001,c0,rotate4_img_8420.jpg,rotate,
p001,c0,rotate5_img_8420.jpg,rotate,
p001,c0,rotate6_img_8420.jpg,rotate,
p001,c0,rotate7_img_8420.jpg,rotate,
p001,c0,rotate8_img_8420.jpg,rotate,
p001,c0,rotate9_img_8420.jpg,rotate,
p001,c0,rotate10_img_8420.jpg,rotate,
p001,c0,rotate11_img_8420.jpg,rotate,
p001,c0,rotate12_img_8420.jpg,rotate,
p001,c0,rotate13_img_8420.jpg,rotate,
p001,c0,rotate14_img_8420.jpg,rotate,
p001,c0,rotate15_img_8420.jpg,rotate,
p002,c0,rotate-15_img_7998.jpg,rotate,
p002,c0,rotate-14_img_7998.jpg,rotate,
p002,c0,rotate-13_img_7998.jpg,rotate,
p002,c0,rotate-12_img_7998.jpg,rotate,
p002,c0,rotate-11_img_7998.jpg,rotate,
p002,c0,rotate-10_img_7998.jpg,rotate,
p002,c0,rotate-9_img_7998.jpg,rotate,
p002,c0,rotate-8_img_7998.jpg,rotate,
p002,c0,rotate-7_img_7998.jpg,rotate,
p002,c0,rotate-6_img_7998.jpg,rotate,
p002,c0,rotate-5_img_7998.jpg,rotate,
p002,c0,rotate-4_img_7998.jpg,rotate,
p002,c0,rotate-3_img_7998.jpg,rotate,
p002,c0,rotate-2_img_7998.jpg,rotate,
p002,c0,rotate-1_img_7998.jpg,rotate,
p002,c0,rotate1_img_7998.jpg,rotate,
p002,c0,rotate2_img_7998.jpg,rotate,
p002,c0,rotate3_img_7998.jpg,rotate,
p002,c0,rotate4_img_7998.jpg,rotate,
p002,c0,rotate5_img_7998.jpg,rotate,
p002,c0,rotate6_img_7998.jpg,rotate,
p002,c0,rotate7_img_7998.jpg,rotate,
p002,c0,rotate8_img_7998.jpg,rotate,
p002,c0,rotate9_img_7998.jpg,rotate,
p002,c0,rotate10_img_7998.jpg,rotate,
p002,c0,rotate11_img_7998.jpg,rotate,
p002,c0,rotate12_img_7998.jpg,rotate,
p002,c0,rotate13_img_7998.jpg,rotate,
p002,c0,rotate14_img_7998.jpg,rotate,
p002,c0,rotate15_img_7998.jpg,rotate,
p003,c0,rotate-15_img_7987.jpg,rotate,
p003,c0,rotate-14_img_7987.jpg,rotate,
p003,c0,rotate-13_img_7987.jpg,rotate,
p003,c0,rotate-12_img_7987.jpg,rotate,
p003,c0,rotate-11_img_7987.jpg,rotate,
p003,c0,rotate-10_img_7987.jpg,rotate,
p003,c0,rotate-9_img_7987.jpg,rotate,
p003,c0,rotate-8_img_7987.jpg,rotate,
p003,c0,rotate-7_img_7987.jpg,rotate,
p003,c0,rotate-6_img_7987.jpg,rotate,
p003,c0,rotate-5_img_7987.jpg,rotate,
p003,c0,rotate-4_img_7987.jpg,rotate,
p003,c0,rotate-3_img_7987.jpg,rotate,
p003,c0,rotate-2_img_7987.jpg,rotate,
p003,c0,rotate-1_img_7987.jpg,rotate,
p003,c0,rotate1_img_7987.jpg,rotate,
p003,c0,rotate2_img_7987.jpg,rotate,
p003,c0,rotate3_img_7987.jpg,rotate,
p003,c0,rotate4_img_7987.jpg,rotate,
p003,c0,rotate5_img_7987.jpg,rotate,
p003,c0,rotate6_img_7987.jpg,rotate,
p003,c0,rotate7_img_7987.jpg,rotate,
p003,c0,rotate8_img_7987.jpg,rotate,
p003,c0,rotate9_img_7987.jpg,rotate,
p003,c0,rotate10_img_7987.jpg,rotate,
p003,c0,rotate11_img_7987.jpg,rotate,
p003,c0,rotate12_img_7987.jpg,rotate,
p003,c0,rotate13_img_7987.jpg,rotate,
p003,c0,rotate14_img_7987.jpg,rotate,
p003,c0,rotate15_img_7987.jpg,rotate,
